Town,Governorate,District,TourismIndex,Hotels,Cafes,Restaurants,GuestHouses
"Bireh",Mount Lebanon,,3,0,1,0,0
"A'ain El-Mir (El Establ)",South,,0,0,0,0,0
"AAridet Cheikh Zennad",Akkar,,0,0,0,0,0
"Aaba",North,,0,0,0,0,0
"Aabadiyeh",Mount Lebanon,Baabda,3,1,0,0,0
"Aabaydat",Mount Lebanon,Byblos,3,0,0,1,0
"Aabba",Nabatieh,,0,0,0,0,0
"Aabbesiyyi",South,Tyre,10,4,25,30,2
"Aabdine",North,Bsharri,3,0,2,0,0
"Aabra Saida",South,Sidon,3,0,0,2,0
"Aabrine",North,Batroun,4,0,2,0,2
"Aachach",North,Zgharta,3,0,2,0,0
"Aachqout",Mount Lebanon,Keserwan,3,0,0,10,0
"Aadaysseh Marjaayoun",Nabatieh,Marjeyoun,3,0,10,0,0
"Aadchit Ech-Chqif",Nabatieh,,0,0,0,0,0
"Aadchit El-Qoussair",Nabatieh,Marjeyoun,0,0,0,0,0
"Aadloun",South,Sidon,3,0,0,3,0
"Aadoussiyeh",South,Sidon,0,0,0,0,0
"Aafsdiq",North,,10,1,1,2,1
"Aain Aanoub",Mount Lebanon,Aley,0,0,0,0,0
"Aain Aarab Rachaya",Beqaa,,0,0,0,0,0
"Aain Aata",Beqaa,,3,0,2,0,0
"Aain Dara",Mount Lebanon,Aley,0,0,0,0,0
"Aain Drafil",Mount Lebanon,Aley,6,0,1,1,0
"Aain Ed-Delb",South,Sidon,0,0,0,0,0
"Aain Ed-Delbe",Mount Lebanon,Byblos,0,0,0,0,0
"Aain Ej-Jdideh Aaley",Mount Lebanon,Aley,3,0,0,2,0
"Aain El Saydeh",Mount Lebanon,Aley,6,2,0,1,0
"Aain El-Ghouaybeh",Mount Lebanon,Byblos,0,0,0,0,0
"Aain El-Kharroubeh",Mount Lebanon,Matn,6,0,3,5,0
"Aain El-Qabu",Mount Lebanon,Matn,0,0,0,0,0
"Aain Er-Rihane",Mount Lebanon,Keserwan,0,0,0,0,0
"Aain Er-Roummaneh Aaley",Mount Lebanon,Aley,9,1,2,2,0
"Aain Es-Sindiane",Mount Lebanon,Matn,9,2,1,5,0
"Aain Et-Teffaha",Mount Lebanon,Matn,0,0,0,0,0
"Aain Et-Tineh-Miniyeh",North,Miniyeh-Danniyeh,3,0,1,0,0
"Aain Ez-Zeit",Akkar,,3,0,3,0,0
"Aain Ez-Zeitouneh",Mount Lebanon,Matn,3,1,0,0,0
"Aain Fraidis",Mount Lebanon,Aley,0,0,0,0,0
"Aain Harsha",Beqaa,,0,0,0,0,0
"Aain Ibl",Nabatieh,Bint Jbeil,10,1,5,6,4
"Aain Jarfa",Nabatieh,Hasbaya,3,0,0,1,0
"Aain Jrain",Mount Lebanon,Byblos,0,0,0,0,0
"Aain Kfaa",Mount Lebanon,Byblos,0,0,0,0,0
"Aain Kfar Zabad",Beqaa,Zahle,3,0,0,2,0
"Aain Ksour",Mount Lebanon,Aley,0,0,0,0,0
"Aain Mouaffaq",Mount Lebanon,Baabda,0,0,0,0,0
"Aain Ouzain",Mount Lebanon,,3,0,0,1,0
"Aain Qana",Nabatieh,,0,0,0,0,0
"Aain Qania",Mount Lebanon,,0,0,0,0,0
"Aain Qinia",Nabatieh,Hasbaya,0,0,0,0,0
"Aain Saadeh",Mount Lebanon,Matn,0,0,0,0,0
"Aain Tinta",Akkar,,3,0,1,0,0
"Aain Traz",Mount Lebanon,Aley,0,0,0,0,0
"Aain Yaaqoub",Akkar,,0,0,0,0,0
"Aain Zebdeh",Beqaa,Western Beqaa,10,2,4,6,1
"Aain Zhalta",Mount Lebanon,,10,2,2,6,3
"Aain challal",Mount Lebanon,Byblos,0,0,0,0,0
"Aainbal",Mount Lebanon,,0,0,0,0,0
"Aaita Ej-Jabal",Nabatieh,Bint Jbeil,3,0,2,0,0
"Aaiyat",Akkar,,3,0,3,0,0
"Aajaltoun",Mount Lebanon,Keserwan,0,0,0,0,0
"Aakkar El-Aatiqa",Akkar,,7,0,20,6,4
"Aaley",Mount Lebanon,Aley,9,5,20,20,0
"Aaley Bsatine",Mount Lebanon,Aley,3,0,0,2,0
"Aali En-Nahri",Beqaa,Zahle,6,0,1,2,0
"Aalma",North,Zgharta,6,0,2,1,0
"Aalma Ech-Chaab",South,Tyre,6,1,0,2,0
"Aalman",Nabatieh,Marjeyoun,0,0,0,0,0
"Aalmane Ech-Chouf",Mount Lebanon,,3,0,1,0,0
"Aamaret El-Baykat",Akkar,,6,0,3,3,0
"Aamayer",Akkar,,6,0,3,2,0
"Aamchit",Mount Lebanon,Byblos,10,1,3,15,4
"Aammatour",Mount Lebanon,,3,0,0,1,0
"Aammiq Ech-Chouf",Beqaa,Western Beqaa,3,0,0,2,0
"Aana",Beqaa,Western Beqaa,6,0,3,1,0
"Aandqet",Akkar,,7,0,2,2,2
"Aanjar (Haouch Moussa)",Beqaa,Zahle,10,2,4,8,20
"Aanout",Mount Lebanon,,6,0,2,3,0
"Aanqoun",South,Sidon,6,0,7,2,0
"Aaouaainat Aakkar",Akkar,,0,0,0,0,0
"Aaqabet Rachaya",Beqaa,,0,0,0,0,0
"Aaqaibeh Kesrouane",Mount Lebanon,Keserwan,6,2,0,20,0
"Aaqtanit",South,Sidon,0,0,0,0,0
"Aarab Ej-Jall",South,Sidon,0,0,0,0,0
"Aarab Salim",Nabatieh,,6,0,1,1,0
"Aarab Tabbaya",South,Sidon,3,0,0,2,0
"Aaraiya",Mount Lebanon,Baabda,3,0,0,1,0
"Aaramoun Kesrouane",Mount Lebanon,Aley,3,0,5,0,0
"Aaramta",South,,0,0,0,0,0
"Aaray",South,,0,0,0,0,0
"Aarbaniyeh",Mount Lebanon,Baabda,0,0,0,0,0
"Aarbet Qozhaiya",North,Zgharta,9,1,1,2,0
"Aarjis",North,Zgharta,9,1,5,15,0
"Aarqa",Akkar,,0,0,0,0,0
"Aarsal",Baalbek-Hermel,,0,0,0,0,0
"Aassoun",North,Miniyeh-Danniyeh,9,1,3,5,0
"Aatchaneh",Mount Lebanon,Matn,0,0,0,0,0
"Aathrine",Mount Lebanon,,0,0,0,0,0
"Aaychiyeh",South,,3,0,0,2,0
"Aayha",Beqaa,,0,0,0,0,0
"Aaymar",North,Miniyeh-Danniyeh,6,1,0,3,0
"Aaynab",Mount Lebanon,Aley,0,0,0,0,0
"Aaynata Baalbek",Baalbek-Hermel,,1,0,0,0,5
"Aaynata Bent Jbeil",Nabatieh,Bint Jbeil,6,0,3,1,0
"Aayoun Aakkar",Akkar,,6,0,4,2,0
"Aayoun El-Ghizlane",Akkar,,0,0,0,0,0
"Aayoun El-Matn",Mount Lebanon,Matn,0,0,0,0,0
"Aayroun",Mount Lebanon,Matn,0,0,0,0,0
"Aayta Ech-Chaab",Nabatieh,Bint Jbeil,6,0,5,6,0
"Aayta El-Foukhar",Beqaa,,3,0,0,1,0
"Aaytanit",Beqaa,Western Beqaa,4,0,0,2,1
"Aaytat",Mount Lebanon,Aley,3,0,0,1,0
"Aaytit",South,Tyre,0,0,0,0,0
"Aazour",South,,6,2,0,2,0
"Aazqai",North,Miniyeh-Danniyeh,3,0,5,0,0
"Aazra ouel Aazr",Mount Lebanon,Keserwan,6,1,0,2,0
"Aazzi",Nabatieh,,0,0,0,0,0
"Ablah",Beqaa,Zahle,9,1,1,2,0
"Abou Mizan",Mount Lebanon,Matn,0,0,0,0,0
"Abou Qamha",Nabatieh,Hasbaya,10,4,4,10,2
"Adma Oua Dafine",Mount Lebanon,Keserwan,0,0,0,0,0
"Adonis",Mount Lebanon,Byblos,0,0,0,0,0
"Afqa Jbeil",Mount Lebanon,Byblos,3,0,2,0,0
"Ain Aakrine",North,,0,0,0,0,0
"Aintoura El-Matn",Mount Lebanon,Matn,0,0,0,0,0
"Aintoura Kesrouane",Mount Lebanon,Keserwan,4,0,0,2,1
"Aintourine",North,Zgharta,0,0,0,0,0
"Aitaroun",Nabatieh,Bint Jbeil,0,0,0,0,0
"Alaq",Baalbek-Hermel,,6,0,2,6,0
"Almat",Mount Lebanon,Byblos,3,0,2,0,0
"Amara",Akkar,,3,0,4,0,0
"Amioun",North,,6,0,5,8,0
"Anane",South,,9,2,4,4,0
"Ansar",Nabatieh,,9,1,6,3,0
"Ansar Baalbeck",Baalbek-Hermel,,0,0,0,0,0
"Antelias-Naccache",Mount Lebanon,Matn,10,0,0,0,0
"Arnoun",Nabatieh,,6,1,0,1,0
"Arsoun",Mount Lebanon,Baabda,0,0,0,0,0
"Arzai",South,Sidon,6,0,4,2,0
"Arzoun",South,Tyre,0,0,0,0,0
"Asnoun",North,Zgharta,0,0,0,0,0
"Assia",North,Batroun,3,0,0,1,0
"Ayto",North,Zgharta,6,0,1,1,0
"Baabda-Louaizi",Mount Lebanon,Baabda,0,0,0,0,0
"Baabdat",Mount Lebanon,Matn,0,0,0,0,0
"Baadarane",Mount Lebanon,,4,0,0,1,2
"Baalbek",Baalbek-Hermel,,10,2,10,39,1
"Baalchmay",Mount Lebanon,Baabda,0,0,0,0,0
"Baaloul West Bekaa",Beqaa,Western Beqaa,0,0,0,0,0
"Baaouerta",Mount Lebanon,Aley,3,0,0,1,0
"Baaqline",Mount Lebanon,,6,0,5,20,0
"Baassir",Mount Lebanon,,0,0,0,0,0
"Bab Mareaa",Beqaa,Western Beqaa,7,0,5,5,1
"Babliyeh",South,Sidon,6,0,7,2,0
"Badbhoun",North,,0,0,0,0,0
"Baghdadi",Akkar,,3,0,2,0,0
"Bahbouch",North,,0,0,0,0,0
"Baisour",Mount Lebanon,Aley,7,0,3,7,20
"Baisour Jezzine",South,,0,0,0,0,0
"Bakhaaoun",North,Miniyeh-Danniyeh,9,1,13,7,0
"Bakka",Beqaa,,0,0,0,0,0
"Bakkifac Rachaya",Beqaa,,0,0,0,0,0
"Balloune",Mount Lebanon,Keserwan,6,0,3,10,0
"Bane",North,Bsharri,3,0,0,1,0
"Bany haiyane",Nabatieh,Marjeyoun,0,0,0,0,0
"Baouchriyeh el Sad",Mount Lebanon,Matn,0,0,0,0,0
"Baraachit",Nabatieh,Bint Jbeil,0,0,0,0,0
"Barghoun",North,,0,0,0,0,0
"Barja",Mount Lebanon,,6,0,13,3,0
"Barqa",Baalbek-Hermel,,0,0,0,0,0
"Barr Elias",Beqaa,Zahle,6,0,12,15,0
"Barsa",North,,0,0,0,0,0
"Basateen Aakar",Akkar,,3,0,1,0,0
"Baskinta",Mount Lebanon,Matn,10,3,10,10,2
"Bater",Mount Lebanon,,0,0,0,0,0
"Batha",Mount Lebanon,Keserwan,3,0,0,2,0
"Batloun",Mount Lebanon,,6,1,0,2,0
"Batoulay",South,Tyre,6,0,12,4,0
"Batroumine",North,,0,0,0,0,0
"Batroun",North,Batroun,10,3,20,20,15
"Bayzoun",Mount Lebanon,Byblos,0,0,0,0,0
"Bazaaoun",North,Bsharri,7,2,0,4,2
"Bazouriyeh",South,Tyre,0,0,0,0,0
"Bchamoun",Mount Lebanon,Aley,0,0,0,0,0
"Bchannine",North,Zgharta,0,0,0,0,0
"Bcharreh",North,Bsharri,10,15,5,20,3
"Bcheaali",North,Batroun,7,0,3,1,2
"Bchtfine",Mount Lebanon,,4,0,2,0,1
"Bdadoun",Mount Lebanon,Aley,4,0,2,0,4
"Bdebba",North,,0,0,0,0,0
"Bebnine",Akkar,,7,0,5,2,3
"Bechmizzine",North,,0,0,0,0,0
"Bechouat",Baalbek-Hermel,,10,4,2,7,1
"Bechtoudar",North,Batroun,6,0,1,3,0
"Beddaoui",North,Tripoli,0,0,0,0,0
"Bedghan Oua Ouadi Bedghan",Mount Lebanon,Aley,0,0,0,0,0
"Bedias",South,Tyre,0,0,0,0,0
"Bednayel El-Koura",North,,3,0,0,2,0
"Behdaydat",Mount Lebanon,Byblos,0,0,0,0,0
"Behnine",South,,1,0,0,0,1
"Behouaita",North,Miniyeh-Danniyeh,3,0,0,3,0
"Beino",Akkar,,9,2,2,3,0
"Beit Ayoub",Akkar,,3,0,2,0,0
"Beit Chama",Baalbek-Hermel,,0,0,0,0,0
"Beit Chlala",North,Batroun,3,0,0,7,0
"Beit Ed-Dine",Mount Lebanon,,7,1,0,3,1
"Beit El Haj",Akkar,,0,0,0,0,0
"Beit El-Faqs",North,Miniyeh-Danniyeh,0,0,0,0,0
"Beit El-Haouch",Akkar,,0,0,0,0,0
"Beit El-Kekko",Mount Lebanon,Matn,9,1,3,6,0
"Beit Haouik",North,Miniyeh-Danniyeh,0,0,0,0,0
"Beit Hbaq",Mount Lebanon,Byblos,0,0,0,0,0
"Beit Kassab",North,Batroun,3,1,0,0,0
"Beit Lahia",Beqaa,,0,0,0,0,0
"Beit Lif",Nabatieh,Bint Jbeil,9,7,3,4,0
"Beit Mellat",Akkar,,9,1,1,1,0
"Beit Meri",Mount Lebanon,Matn,9,3,5,5,0
"Beit Monzer",North,Bsharri,0,0,0,0,0
"Beit Obeid",North,Zgharta,9,1,4,1,0
"Beit Yahoun",Nabatieh,Bint Jbeil,0,0,0,0,0
"Beit Younes",Akkar,,0,0,0,0,0
"Bejjeh",Mount Lebanon,Byblos,0,0,0,0,0
"Bekhaaz",Mount Lebanon,Byblos,0,0,0,0,0
"Benouati Jezzine",South,,0,0,0,0,0
"Bent Jbeil",Nabatieh,Bint Jbeil,10,1,2,4,1
"Beqaata Aachqout",Mount Lebanon,Keserwan,0,0,0,0,0
"Beqaata Kanaan",Mount Lebanon,Keserwan,0,0,0,0,0
"Berbara Aakkar",Akkar,,0,0,0,0,0
"Berbara Jbeil",Mount Lebanon,Byblos,4,2,0,0,1
"Berhalioun",North,Bsharri,0,0,0,0,0
"Berti",South,Sidon,0,0,0,0,0
"Beslouqit",North,Zgharta,0,0,0,0,0
"Besri Jezzine",South,,3,0,0,1,0
"Bestiyat",South,Tyre,0,0,0,0,0
"Bezbina",Akkar,,3,0,3,0,0
"Bhamdoun Ed-Dayaa",Mount Lebanon,Aley,0,0,0,0,0
"Bhamdoun El-Mhatta",Mount Lebanon,Aley,10,4,3,2,3
"Bhersaf",Mount Lebanon,Matn,10,3,0,10,1
"Bichtlida",Mount Lebanon,Byblos,3,0,0,1,0
"Bijdarfil",North,Batroun,6,0,1,2,0
"Bikfaya",Mount Lebanon,Matn,0,0,0,0,0
"Binnay",Mount Lebanon,Aley,0,0,0,0,0
"Bintaael",Mount Lebanon,Byblos,0,0,0,0,0
"Biret Aakkar",Akkar,,9,1,6,3,0
"Biret Rachaya",Beqaa,,0,0,0,0,0
"Bisrin",Mount Lebanon,Aley,0,0,0,0,0
"Bissariyeh",South,Sidon,6,0,3,4,0
"Biyad",South,Tyre,0,0,0,0,0
"Bizhel",Mount Lebanon,Keserwan,3,0,2,0,0
"Bkassine",South,,9,12,5,20,0
"Bkeftine",North,,0,0,0,0,0
"Bkhichtay",Mount Lebanon,Aley,0,0,0,0,0
"Blaouza",North,Bsharri,3,0,0,2,0
"Blat Marjaayoun",Nabatieh,Marjeyoun,0,0,0,0,0
"Blaybel",Mount Lebanon,Aley,3,0,0,1,0
"Blida",Nabatieh,Marjeyoun,0,0,0,0,0
"Bmahray",Mount Lebanon,Aley,7,0,1,2,6
"Bmakine",Mount Lebanon,Aley,6,2,1,0,0
"Bmaryam",Mount Lebanon,Baabda,9,3,1,4,0
"Bnaafoul",South,Sidon,0,0,0,0,0
"Bnabil",Mount Lebanon,Matn,7,0,1,2,5
"Bnehran",North,,0,0,0,0,0
"Bnoueiti",Mount Lebanon,,0,0,0,0,0
"Bohayra",North,Zgharta,0,0,0,0,0
"Bohwara",Mount Lebanon,Aley,0,0,0,0,0
"Borj Aakkar",Akkar,,7,0,2,6,1
"Borj El-Moulouk",Nabatieh,Marjeyoun,6,2,0,5,0
"Borj El-Yahoudiyeh",North,Miniyeh-Danniyeh,0,0,0,0,0
"Borj En-Naqoura",South,Tyre,9,3,4,8,0
"Borj Rahhal",South,Tyre,6,0,13,3,0
"Borj qalaouiyeh",Nabatieh,Bint Jbeil,0,0,0,0,0
"Botmeh",Mount Lebanon,,0,0,0,0,0
"Bouaida",Nabatieh,Marjeyoun,6,1,0,1,0
"Bouar",Mount Lebanon,Keserwan,6,2,0,1,0
"Bouarej",Beqaa,Zahle,6,0,2,6,0
"Boulhos",Mount Lebanon,Byblos,0,0,0,0,0
"Bourj El Arab",Akkar,,6,0,4,5,0
"Bourj El-Brajneh",Mount Lebanon,Baabda,9,2,20,20,0
"Bourj Hammoud",Mount Lebanon,Matn,0,0,0,0,0
"Bourjein",Mount Lebanon,,6,0,3,1,0
"Boussit",North,Zgharta,3,0,0,2,0
"Boustane",South,Tyre,0,0,0,0,0
"Boustane Heresh",Akkar,,0,0,0,0,0
"Boutchay",Mount Lebanon,Baabda,0,0,0,0,0
"Bqaa Kafra",North,Bsharri,4,0,0,3,1
"Bqaa Sefrine",North,Miniyeh-Danniyeh,10,1,5,3,2
"Bqaatouta",Mount Lebanon,Keserwan,3,0,2,0,0
"Bqarsouna",North,Miniyeh-Danniyeh,0,0,0,0,0
"Bqerqacha",North,Bsharri,10,20,20,30,10
"Bqerzla",Akkar,,6,0,2,5,0
"Bqosta",South,Sidon,6,0,2,3,0
"Braiqeaa",Nabatieh,,3,0,4,0,0
"Bramiyeh",South,Sidon,3,0,1,0,0
"Breissat",North,Bsharri,3,0,1,0,0
"Brih",Mount Lebanon,,1,0,0,0,3
"Brital",Baalbek-Hermel,,6,0,5,13,0
"Broummana El-Matn",Mount Lebanon,Matn,0,0,0,0,0
"Bsaba Baabda",Mount Lebanon,Baabda,3,0,0,1,0
"Bsaba Ech-Chouf",Mount Lebanon,,3,0,0,1,0
"Bsalim",Mount Lebanon,Matn,9,2,1,5,0
"Bsalya",South,,0,0,0,0,0
"Bsarma",North,,3,0,2,0,0
"Bsous",Mount Lebanon,Aley,0,0,0,0,0
"Btaaboura",North,,0,0,0,0,0
"Btalloun",Mount Lebanon,Aley,6,0,0,1,0
"Btater",Mount Lebanon,Aley,0,0,0,0,0
"Btedaai",Baalbek-Hermel,,0,0,0,0,0
"Btedine El-Leqch",South,,3,0,0,0,0
"Bteghrine",Mount Lebanon,Matn,6,0,2,1,0
"Btekhnay",Mount Lebanon,Baabda,1,0,0,0,10
"Btermaz",North,Miniyeh-Danniyeh,3,0,1,0,0
"Bterram",North,,7,2,2,0,2
"Btouratij",North,,6,0,2,1,0
"Byaqout",Mount Lebanon,Matn,0,0,0,0,0
"Bzal",Akkar,,3,0,4,0,0
"Bziza",North,,0,0,0,0,0
"Bzoummar",Mount Lebanon,Keserwan,3,1,0,0,0
"Chaaitiyeh-Malkiyah",South,Tyre,3,0,5,0,0
"Chaat",Baalbek-Hermel,,0,0,0,0,0
"Chadra",Akkar,,6,0,3,2,0
"Chahtoul",Mount Lebanon,Keserwan,0,0,0,0,0
"Chamaa",South,Tyre,0,0,0,0,0
"Chamate",Mount Lebanon,Byblos,0,0,0,0,0
"Chanay",Mount Lebanon,Aley,3,0,2,0,0
"Chane",Akkar,,3,0,2,0,0
"Chaouiyeh",Mount Lebanon,Matn,0,0,0,0,0
"Chaqdouf",Akkar,,3,0,1,0,0
"Charbila",Akkar,,6,0,1,1,0
"Charbine El-Hermel",Baalbek-Hermel,Hermel,0,0,0,0,0
"Charoun",Mount Lebanon,Aley,9,1,1,2,0
"Charqiyeh",Nabatieh,,4,0,0,1,1
"Chartoun",Mount Lebanon,Aley,0,0,0,0,0
"Chebaa",Nabatieh,Hasbaya,6,0,1,3,0
"Chehabiyeh",South,Tyre,3,0,0,5,0
"Chehabiyeh Faour",Beqaa,Zahle,0,0,0,0,0
"Chehour",South,Tyre,0,0,0,0,0
"Cheikh Ayash",Akkar,,0,0,0,0,0
"Cheikh Mohammad",Akkar,,3,0,7,0,0
"Cheikh Taba",Akkar,,0,0,0,0,0
"Cheikh Zennad",Akkar,,0,0,0,0,0
"Cheikhlar",Akkar,,6,0,3,2,0
"Chhim",Mount Lebanon,,6,0,2,1,0
"Chibtine",North,Batroun,3,0,0,5,0
"Chihine",South,Tyre,0,0,0,0,0
"Chikhane",Mount Lebanon,Byblos,0,0,0,0,0
"Chikka",North,Batroun,0,0,0,0,0
"Chimlane",Mount Lebanon,Aley,6,0,1,3,0
"Chiyah",Mount Lebanon,Baabda,9,1,3,4,0
"Chlifa",Baalbek-Hermel,,3,0,0,2,0
"Chmistar",Baalbek-Hermel,,0,0,0,0,0
"Chnanaair",Mount Lebanon,Keserwan,0,0,0,0,0
"Choualiq Jezzine",South,,6,0,1,5,0
"Chouaya Hasbaiya",Nabatieh,Hasbaya,3,0,0,3,0
"Chouaya Maten",Mount Lebanon,Matn,0,0,0,0,0
"Choueifat El-Aamrousiyeh",Mount Lebanon,Aley,9,5,10,20,0
"Chouit",Mount Lebanon,Baabda,0,0,0,0,0
"Choukine",Nabatieh,,6,0,4,2,0
"Chourit",Mount Lebanon,,0,0,0,0,0
"Chtaura",Beqaa,Zahle,3,0,0,3,0
"Daghleh",Akkar,,0,0,0,0,0
"Dahr El-Ahmar",Beqaa,,10,2,5,3,1
"Dahr El-Maghara",Mount Lebanon,,0,0,0,0,0
"Dahr El-Qanbar",Akkar,,0,0,0,0,0
"Dahr Es-Souane El-Matn",Mount Lebanon,Matn,6,0,2,2,0
"Dahr Laissine",Akkar,,6,0,1,2,0
"Dalhoun",Mount Lebanon,,3,0,3,0,0
"Damalsa",Mount Lebanon,Byblos,0,0,0,0,0
"Damour",Mount Lebanon,,9,2,4,5,0
"Daoura",Akkar,,0,0,0,0,0
"Daqqoun",Mount Lebanon,Aley,0,0,0,0,0
"Dar Baaechtar",North,,0,0,0,0,0
"Dar Chmizzine",North,,0,0,0,0,0
"Daraaoun",Mount Lebanon,Keserwan,0,0,0,0,0
"Daraiya Ech-Chouf",Mount Lebanon,,6,0,2,3,0
"Daraiya Kesrouane",Mount Lebanon,Keserwan,0,0,0,0,0
"Darb Es-Sim",South,Sidon,0,0,0,0,0
"Darine",Akkar,,0,0,0,0,0
"Dayshouniyi",Mount Lebanon,Matn,0,0,0,0,0
"Debaal Menie",North,Miniyeh-Danniyeh,0,0,0,0,0
"Debaal Sour",South,Tyre,0,0,0,0,0
"Debl",Nabatieh,Bint Jbeil,6,0,2,3,0
"Deddeh",North,,3,0,3,0,0
"Deir Aames",South,Tyre,0,0,0,0,0
"Deir Aammar",North,Miniyeh-Danniyeh,6,0,5,6,0
"Deir Baba",Mount Lebanon,,0,0,0,0,0
"Deir Billa",North,Batroun,3,0,0,1,0
"Deir Chamra",Mount Lebanon,Matn,0,0,0,0,0
"Deir Dalloum",Akkar,,6,0,4,5,0
"Deir Dourit",Mount Lebanon,,9,1,2,2,0
"Deir El-Aachayer",Beqaa,,0,0,0,0,0
"Deir El-Ahmar",Baalbek-Hermel,,10,3,3,12,50
"Deir El-Ghazal",Beqaa,Zahle,3,0,0,1,0
"Deir El-harf",Mount Lebanon,Baabda,6,0,2,1,0
"Deir Ez-Zahrani",Nabatieh,,0,0,0,0,0
"Deir Jannine",Akkar,,6,0,1,2,0
"Deir Kifa",South,Tyre,0,0,0,0,0
"Deir Koucheh",Mount Lebanon,,3,0,0,2,0
"Deir Mimas",Nabatieh,Marjeyoun,0,0,0,0,0
"Deir Nbouh",North,Miniyeh-Danniyeh,0,0,0,0,0
"Deir Ntar",Nabatieh,Bint Jbeil,3,0,4,0,0
"Deir Qanoun El-Aain",South,Tyre,3,0,7,0,0
"Deir Qanoun En-Nahr",South,Tyre,6,0,10,3,0
"Deir Qoubel",Mount Lebanon,Aley,0,0,0,0,0
"Deir Siriane",Nabatieh,Marjeyoun,6,0,3,2,0
"Dekouaneh",Mount Lebanon,Matn,0,0,0,0,0
"Dellafeh",Nabatieh,Hasbaya,3,0,0,1,0
"Derdaghaiya",South,Tyre,0,0,0,0,0
"Dfoun",Mount Lebanon,Aley,0,0,0,0,0
"Dhayra",South,Tyre,0,0,0,0,0
"Dhour el hawa",North,,3,0,3,0,0
"Dibbabiyeh",Akkar,,6,0,4,3,0
"Dibbine",Nabatieh,Marjeyoun,0,0,0,0,0
"Dibbiyeh",Mount Lebanon,,9,2,3,4,0
"Dik El-Mehdi",Mount Lebanon,Matn,0,0,0,0,0
"Dimane",North,Bsharri,6,0,3,1,0
"Dlebta",Mount Lebanon,Keserwan,0,0,0,0,0
"Dmit",Mount Lebanon,,4,0,0,3,1
"Douair Aadouiyeh",Akkar,,0,0,0,0,0
"Douair En-Nabatiyeh",Nabatieh,,0,0,0,0,0
"Douma",North,Batroun,10,4,1,6,3
"Douris",Baalbek-Hermel,,6,0,1,6,0
"Edde El-Batroun",North,Batroun,3,0,0,2,0
"Eddeh Jbeil",Mount Lebanon,Byblos,3,0,2,0,0
"Eghbe",Mount Lebanon,Keserwan,6,0,1,2,0
"Ehmej",Mount Lebanon,Byblos,10,1,3,6,7
"Ein el Dahab",Akkar,,3,0,3,0,0
"El Ain",Baalbek-Hermel,,0,0,0,0,0
"El Ghabe",Mount Lebanon,Matn,0,0,0,0,0
"El Kfeir",Nabatieh,Hasbaya,0,0,0,0,0
"El Manara",Beqaa,Western Beqaa,3,0,0,2,0
"El Marej",Beqaa,Western Beqaa,0,0,0,0,0
"En-Nahriyyi",Akkar,,0,0,0,0,0
"Enfeh",North,,10,1,4,14,4
"Erkay",South,Sidon,0,0,0,0,0
"Falougha",Mount Lebanon,Baabda,0,0,0,0,0
"Fanar",Mount Lebanon,Matn,6,1,0,2,0
"Faraya",Mount Lebanon,Keserwan,10,3,5,6,20
"Fard",Akkar,,0,0,0,0,0
"Fardis Hasbaiya",Nabatieh,Hasbaya,10,2,20,5,5
"Fatqa",Mount Lebanon,Keserwan,7,1,0,3,15
"Fatre",Mount Lebanon,Byblos,1,0,0,0,10
"Faytroun",Mount Lebanon,Keserwan,0,0,0,0,0
"Fekehe",Baalbek-Hermel,,9,1,5,4,0
"Ferhet",Mount Lebanon,Byblos,0,0,0,0,0
"Fghal",Mount Lebanon,Byblos,9,1,1,2,0
"Fiaa",North,,3,0,0,1,0
"Fikani",Beqaa,Zahle,6,0,6,2,0
"Fisan",Baalbek-Hermel,Hermel,0,0,0,0,0
"Fnaydek",Akkar,,10,1,10,2,10
"Fouara",Mount Lebanon,,6,0,1,1,0
"Fourzol",Beqaa,Zahle,0,0,0,0,0
"Fraides",Akkar,,3,0,2,0,0
"Fraikeh",Mount Lebanon,Matn,0,0,0,0,0
"Fraudis Ech-Chouf",Mount Lebanon,,10,5,20,40,20
"Froun",Nabatieh,Bint Jbeil,0,0,0,0,0
"Furn Ech-Chebbak",Mount Lebanon,Baabda,6,0,6,32,0
"Ghabat",Mount Lebanon,Byblos,0,0,0,0,0
"Ghaboune",Mount Lebanon,Aley,0,0,0,0,0
"Ghalboun",Mount Lebanon,Byblos,7,1,0,1,2
"Ghandouriyet Bent Jbeil",Nabatieh,Bint Jbeil,3,0,0,1,0
"Gharzouz",Mount Lebanon,Byblos,0,0,0,0,0
"Ghassaniyeh",South,Sidon,0,0,0,0,0
"Ghazayleh",Akkar,,0,0,0,0,0
"Ghazir",Mount Lebanon,Keserwan,0,0,0,0,0
"Ghaziyeh",South,Sidon,6,0,5,15,0
"Ghazzeh",Beqaa,Western Beqaa,6,0,3,10,0
"Ghbaet Bolonya",Mount Lebanon,Matn,9,1,1,3,0
"Ghbaleh Kesrouane",Mount Lebanon,Keserwan,7,0,4,1,1
"Ghbatiyeh",South,,0,0,0,0,0
"Ghidras",Mount Lebanon,Keserwan,6,0,2,1,0
"Ghineh",Mount Lebanon,Keserwan,9,1,2,3,0
"Ghobairi",Mount Lebanon,Baabda,9,4,90,83,0
"Ghoifine",Mount Lebanon,Byblos,3,0,2,0,0
"Ghosta",Mount Lebanon,Keserwan,6,0,3,0,0
"Habbouch En-Nabatiyeh",Nabatieh,,6,0,1,8,0
"Habil",Mount Lebanon,Byblos,0,0,0,0,0
"Hadath Baalback",Baalbek-Hermel,,0,0,0,0,0
"Hadath Ej-Jebbeh",North,Bsharri,10,2,2,5,2
"Hadath-Sbeineh",Mount Lebanon,Baabda,9,1,50,50,0
"Hadchit",North,Bsharri,0,0,0,0,0
"Haddatha",Nabatieh,Bint Jbeil,0,0,0,0,0
"Hajjeh",South,Sidon,3,0,0,1,0
"Hakel",Mount Lebanon,Byblos,0,0,0,0,0
"Hakour",Akkar,,9,1,3,3,0
"Halate",Mount Lebanon,Byblos,0,0,0,0,0
"Halba",Akkar,,6,0,20,5,0
"Halbata",Baalbek-Hermel,,0,0,0,0,0
"Halloussiyeh",South,Tyre,0,0,0,0,0
"Hamat",North,Batroun,3,1,0,0,0
"Hammana",Mount Lebanon,Baabda,10,3,7,15,10
"Hanaouay",South,Tyre,6,0,2,1,0
"Hanine",Nabatieh,Bint Jbeil,0,0,0,0,0
"Haouch El Qinnabeh Rachaya",Beqaa,,0,0,0,0,0
"Haouch El-Harime",Beqaa,Western Beqaa,0,0,0,0,0
"Haouch En-Nabi",Baalbek-Hermel,,0,0,0,0,0
"Haouch Er-Rafqa",Baalbek-Hermel,,6,0,2,2,0
"Haouch Hala",Beqaa,Zahle,3,0,0,3,0
"Haouch Snaid",Baalbek-Hermel,,0,0,0,0,0
"Haouch Tall Safiyeh",Baalbek-Hermel,,6,0,2,1,0
"Haouche Barada",Baalbek-Hermel,,0,0,0,0,0
"Haql el Aazimeh",North,Miniyeh-Danniyeh,0,0,0,0,0
"Harabta",Baalbek-Hermel,,0,0,0,0,0
"Haret Es-Sit",Mount Lebanon,Baabda,0,0,0,0,0
"Haret Fouar",North,Zgharta,0,0,0,0,0
"Haret Hreik",Mount Lebanon,Baabda,6,0,90,72,0
"Haret Jandal",Mount Lebanon,,3,0,4,0,0
"Haret Saida",South,Sidon,6,0,25,15,0
"Harf",South,,0,0,0,0,0
"Harf Es-Sayad",North,Miniyeh-Danniyeh,3,0,2,0,0
"Haris",Nabatieh,Bint Jbeil,0,0,0,0,0
"Harouf",Nabatieh,,6,0,4,3,0
"Hasbaiya",Nabatieh,Hasbaya,7,0,7,7,0
"Hasbaiya El-Matn",Mount Lebanon,Baabda,0,0,0,0,0
"Hasrayel",Mount Lebanon,Byblos,3,0,4,0,0
"Hasroun",North,Bsharri,10,2,3,6,2
"Hasrout",Mount Lebanon,,0,0,0,0,0
"Hayshe",Akkar,,0,0,0,0,0
"Hayssa",Akkar,,6,0,1,3,0
"Haytla",Akkar,,0,0,0,0,0
"Haytoura",South,,3,0,1,0,0
"Hayzouq",Akkar,,3,0,3,0,0
"Hazerta",Beqaa,Zahle,0,0,0,0,0
"Hazmiyah",Mount Lebanon,Baabda,0,0,0,0,0
"Hazmiyet-Miniyeh",North,Miniyeh-Danniyeh,4,0,2,0,1
"Hdeine",Mount Lebanon,Byblos,0,0,0,0,0
"Hebbariyeh",Nabatieh,Hasbaya,3,0,2,0,0
"Hedd",Akkar,,3,0,1,0,0
"Helouet Rachaya",Beqaa,,1,0,0,0,2
"Henniyeh",South,Tyre,0,0,0,0,0
"Heri",North,Batroun,9,1,2,3,0
"Hermel",Baalbek-Hermel,Hermel,9,2,40,40,0
"Hidab",South,,0,0,0,0,0
"Hilan",North,Zgharta,3,0,1,0,0
"Himlaya",Mount Lebanon,Matn,0,0,0,0,0
"Hizzine",Baalbek-Hermel,,0,0,0,0,0
"Hjoula",Mount Lebanon,Byblos,0,0,0,0,0
"Hlaliyeh",Mount Lebanon,Baabda,3,0,2,0,0
"Hlaliyeh Saida",South,Sidon,0,0,0,0,0
"Hmaireh Aakkar",Akkar,,3,0,2,0,0
"Hmairi Sour",South,Tyre,0,0,0,0,0
"Hocheb",Akkar,,6,0,2,1,0
"Homsiyeh",South,,0,0,0,0,0
"Houaich",Akkar,,0,0,0,0,0
"Houla",Nabatieh,Marjeyoun,0,0,0,0,0
"Houmine El-Faouqa",Nabatieh,,6,0,2,2,0
"Houmine Et-Tahta",Nabatieh,,6,0,3,2,0
"Howara",North,Miniyeh-Danniyeh,0,0,0,0,0
"Hrajel",Mount Lebanon,Keserwan,0,0,0,0,0
"Hrar",Akkar,,9,1,10,4,0
"Hsarat",Mount Lebanon,Byblos,0,0,0,0,0
"Hsayn",Mount Lebanon,Keserwan,0,0,0,0,0
"Hsoun",Mount Lebanon,Byblos,0,0,0,0,0
"Iaat",Baalbek-Hermel,,9,1,3,9,0
"Ibl Es-Saqi",Nabatieh,Marjeyoun,6,0,0,0,0
"Idbil",Akkar,,6,0,4,4,0
"Ighmid",Mount Lebanon,Aley,6,0,2,1,0
"Ijbaa",North,Zgharta,1,0,0,0,3
"Ijdaabrine",North,,3,0,1,0,0
"Ilat",Akkar,,3,0,2,0,0
"Insariyeh",South,Sidon,6,0,5,3,0
"Izal",North,Miniyeh-Danniyeh,6,0,5,3,0
"Jaaita",Mount Lebanon,Keserwan,0,0,0,0,0
"Jadra",Mount Lebanon,,6,3,0,3,0
"Jahliyeh",Mount Lebanon,,0,0,0,0,0
"Jaj",Mount Lebanon,Byblos,3,0,0,3,0
"Jall Ed-Dib",Mount Lebanon,Matn,10,3,5,15,2
"Janneh Mar Sarkis",Mount Lebanon,Byblos,0,0,0,0,0
"Jarbata",North,Batroun,3,0,0,1,0
"Jarjouaa",Nabatieh,,9,2,3,5,0
"Jarmaq",South,,6,1,0,1,0
"Jbaa En-Nabatiyeh",Mount Lebanon,,0,0,0,0,0
"Jbaa En-Nabatiyeh-Ein-Boswar",Nabatieh,,10,1,3,5,5
"Jbal El-Botm",South,Tyre,3,0,1,0,0
"Jbeil",Mount Lebanon,Byblos,9,8,24,64,0
"Jbouleh",Baalbek-Hermel,,0,0,0,0,0
"Jdaidet Ghazir",Mount Lebanon,Keserwan,3,0,0,1,0
"Jdaidet Marjaayoun",Nabatieh,Marjeyoun,10,1,4,10,2
"Jdeidet Ech-Chouf",Mount Lebanon,,3,0,0,2,0
"Jdidet Ej-Joumeh",Akkar,,3,0,2,0,0
"Jdita",Beqaa,Zahle,9,3,1,7,0
"Jebrayel",Akkar,,6,1,3,0,0
"Jenjlaya",South,Sidon,1,0,0,0,1
"Jennata",South,Tyre,0,0,0,0,0
"Jensnaya",South,,3,0,0,1,0
"Jenta",Baalbek-Hermel,,3,0,6,0,0
"Jeoddayel Jbeil",Mount Lebanon,Byblos,0,0,0,0,0
"Jermanya",Akkar,,6,0,2,2,0
"Jernaya",South,,1,0,0,0,1
"Jezzine-Ain Majdelin",South,,10,3,4,4,3
"Jibchit",Nabatieh,,0,0,0,0,0
"Jiyeh",Mount Lebanon,,10,3,10,15,2
"Jmailiyeh",Mount Lebanon,,0,0,0,0,0
"Jouaiya",South,Tyre,6,0,5,3,0
"Jouar El-Haouz",Mount Lebanon,Baabda,6,0,2,3,0
"Joubb Jannine",Beqaa,Western Beqaa,6,0,12,2,0
"Joun",Mount Lebanon,,0,0,0,0,0
"Jounie",Mount Lebanon,Keserwan,0,0,0,0,0
"Jouret Arsoun",Mount Lebanon,Baabda,6,0,1,1,0
"Jouret Bedrane",Mount Lebanon,Keserwan,6,1,0,1,0
"Jouret E-Tourmos",Mount Lebanon,Keserwan,0,0,0,0,0
"Jouret El-Ballout",Mount Lebanon,Matn,3,0,0,1,0
"Kafr",Mount Lebanon,Byblos,0,0,0,0,0
"Kafr Harra",Akkar,,3,0,4,0,0
"Kafr Hatna",North,Batroun,0,0,0,0,0
"Kafr Jarrah",South,,0,0,0,0,0
"Kafr Saroun",North,,3,0,1,0,0
"Kafr horra",North,Zgharta,0,0,0,0,0
"Kafra Bent Jbeil",Nabatieh,Bint Jbeil,6,0,4,2,0
"Kafraiya West Bekaa",Beqaa,Western Beqaa,6,0,1,1,0
"Kafraya El-Koura",North,,3,0,1,0,0
"Kafrkida",Mount Lebanon,Byblos,0,0,0,0,0
"Kafrnoun",Akkar,,0,0,0,0,0
"Kafrya",South,Sidon,0,0,0,0,0
"Kaftoun",North,,7,0,1,1,9
"Kahef Maloul",North,Miniyeh-Danniyeh,3,0,0,2,0
"Kahhaleh",Mount Lebanon,Aley,0,0,0,0,0
"Kahlouniet Ech-Chouf",Mount Lebanon,,0,0,0,0,0
"Kamed El-Laouz",Beqaa,Western Beqaa,6,0,10,5,0
"Kaoukaba Bou Arab",Beqaa,,0,0,0,0,0
"Kaoukaba Hasbaiya",Nabatieh,Hasbaya,4,0,2,0,1
"Kaoutariyet Es-Siyad",South,Sidon,3,0,3,0,0
"Karkha",South,,0,0,0,0,0
"Karm El-Mohr",North,Miniyeh-Danniyeh,0,0,0,0,0
"Karm Saddeh",North,Zgharta,0,0,0,0,0
"Karm Zebdine",Akkar,,0,0,0,0,0
"Ketermaya",Mount Lebanon,,6,0,1,6,0
"Keyfoun",Mount Lebanon,Aley,9,1,3,1,0
"Kfar Aabida",North,Batroun,4,0,0,6,5
"Kfar Aamay",Mount Lebanon,Aley,0,0,0,0,0
"Kfar Aaqab",Mount Lebanon,Matn,7,0,1,2,2
"Kfar Aaqqa",North,,6,0,2,2,0
"Kfar Baal",Mount Lebanon,Byblos,9,3,18,5,0
"Kfar Beit",South,Sidon,0,0,0,0,0
"Kfar Bibnine",North,Miniyeh-Danniyeh,3,0,2,0,0
"Kfar Chellal",South,Sidon,0,0,0,0,0
"Kfar Chellane",North,Miniyeh-Danniyeh,6,0,6,1,0
"Kfar Chima",Mount Lebanon,Baabda,3,0,0,3,0
"Kfar Chouba",Nabatieh,Hasbaya,7,0,1,1,0
"Kfar Dane",Baalbek-Hermel,,0,0,0,0,0
"Kfar Denis",Beqaa,,3,0,1,0,0
"Kfar Dibiane",Mount Lebanon,Keserwan,10,8,10,20,1
"Kfar Dounine",Nabatieh,Bint Jbeil,6,0,6,1,0
"Kfar Falous",South,,3,0,1,0,0
"Kfar Faqoud",Mount Lebanon,,3,0,2,0,0
"Kfar Habou",North,Miniyeh-Danniyeh,3,0,10,0,0
"Kfar Hamam",Nabatieh,Hasbaya,0,0,0,0,0
"Kfar Hatta Saida",South,Sidon,3,0,5,0,0
"Kfar Hay",North,Batroun,6,0,2,2,0
"Kfar Hazir",North,,3,0,0,1,0
"Kfar Heam",Mount Lebanon,,0,0,0,0,0
"Kfar Hilda",North,Batroun,7,0,8,15,2
"Kfar Houneh",South,,6,0,1,2,0
"Kfar Jreif",Mount Lebanon,Keserwan,6,1,0,1,0
"Kfar Kila",Nabatieh,Marjeyoun,3,0,0,5,0
"Kfar Matta",Mount Lebanon,Aley,6,0,2,2,0
"Kfar Melki Saida",South,Sidon,3,0,0,5,0
"Kfar Nabrakh",Mount Lebanon,,3,0,3,0,0
"Kfar Niss",Mount Lebanon,,3,0,0,1,0
"Kfar Qatra",Mount Lebanon,,0,0,0,0,0
"Kfar Qouq",Beqaa,,3,0,3,0,0
"Kfar Roummane",Nabatieh,,9,1,2,3,0
"Kfar Selouane",Mount Lebanon,Baabda,3,0,0,0,0
"Kfar Sir",Nabatieh,,6,1,0,6,0
"Kfar Tay El-Matn",Mount Lebanon,Matn,0,0,0,0,0
"Kfar Tibnit",Nabatieh,,0,0,0,0,0
"Kfar michki",Beqaa,,0,0,0,0,0
"Kfardlaqous",North,Zgharta,6,0,3,8,0
"Kfarfila",Nabatieh,,6,0,3,0,0
"Kfarfou",North,Zgharta,3,0,0,2,0
"Kfarhata",North,,6,0,2,5,0
"Kfarhata Zgharta",North,Zgharta,6,1,0,0,0
"Kfarsghab",North,Zgharta,4,0,1,0,3
"Kfartoun",Akkar,,6,0,12,2,0
"Kfaryachit",North,Zgharta,0,0,0,0,0
"Kfarzabad",Beqaa,Zahle,3,0,0,3,0
"Kfarzaina",North,Zgharta,0,0,0,0,0
"Kfoun",Mount Lebanon,Byblos,1,0,0,0,8
"Kfour El-Aarbi",North,Batroun,0,0,0,0,0
"Kfour En-Nabatieh",Mount Lebanon,Keserwan,7,1,3,1,1
"Khalwat",Nabatieh,Hasbaya,6,0,5,0,0
"Kharbe",Mount Lebanon,Byblos,1,0,0,0,2
"Kharnoub",North,Miniyeh-Danniyeh,0,0,0,0,0
"Khartoum",South,Sidon,0,0,0,0,0
"Khat el Petrol",Akkar,,1,0,0,0,1
"Khayayeb Saida",South,Sidon,0,0,0,0,0
"Khereibet Ech-Chouf",Mount Lebanon,,0,0,0,0,0
"Khinchara",Mount Lebanon,Matn,6,0,1,2,0
"Khirbet Bisri",Mount Lebanon,,3,0,0,3,0
"Khirbet Char",Akkar,,7,0,3,4,1
"Khirbet Daoud Aakkar",Akkar,,0,0,0,0,0
"Khirbet Jord",Akkar,,0,0,0,0,0
"Khirbet Qanafar",Beqaa,Western Beqaa,10,2,2,4,2
"Khirbet Rouha",Beqaa,,0,0,0,0,0
"Khirbet Selm",Nabatieh,Bint Jbeil,7,0,10,7,3
"Khiyam Marjaayoun",Nabatieh,Marjeyoun,9,2,5,3,0
"Khodr Baalbek",Baalbek-Hermel,,6,0,1,2,0
"Khreibet Baabda",Mount Lebanon,Baabda,0,0,0,0,0
"Khreibet Ej-Jindi",Akkar,,3,0,6,0,0
"Khzaiz",South,Sidon,0,0,0,0,0
"Kleyleh",Mount Lebanon,,0,0,0,0,0
"Kneisset Aakkar",Akkar,,0,0,0,0,0
"Kneisset Ech-Chouf",Mount Lebanon,,0,0,0,0,0
"Kneisset Sour",South,Tyre,0,0,0,0,0
"Kouachra",Akkar,,6,0,8,1,0
"Kouakh",Baalbek-Hermel,Hermel,4,0,1,0,2
"Koueikhat",Akkar,,6,0,2,2,0
"Kounine",Nabatieh,Bint Jbeil,9,1,2,2,0
"Kour",North,Batroun,1,0,0,0,1
"Kousba",North,,6,0,1,5,0
"Kroum El-Aarab",Akkar,,6,0,1,1,0
"Laboueh",Baalbek-Hermel,,0,0,0,0,0
"Lala",Beqaa,Western Beqaa,9,5,15,10,0
"Laqlouq",Mount Lebanon,Byblos,0,0,0,0,0
"Lassa",Mount Lebanon,Byblos,3,0,3,0,0
"Lebaa",South,,3,0,0,1,0
"Lehfed",Mount Lebanon,Byblos,4,0,0,3,1
"Libbaya West Bekaa",Beqaa,Western Beqaa,0,0,0,0,0
"Louayzet Jezzine",South,,0,0,0,0,0
"Loubieh",South,Sidon,3,0,3,0,0
"Maad",Mount Lebanon,Byblos,0,0,0,0,0
"Maarab",Mount Lebanon,Keserwan,0,0,0,0,0
"Maaraboun",Baalbek-Hermel,,0,0,0,0,0
"Maarakeh",South,Tyre,6,0,20,3,0
"Maaroub",South,Tyre,0,0,0,0,0
"Maasrati",Mount Lebanon,Aley,0,0,0,0,0
"Maasser Beit Ed-Dine",Mount Lebanon,,10,2,5,10,5
"Maasser Ech-Chouf",Mount Lebanon,,0,0,0,0,0
"Maaysra Kesrouane",Mount Lebanon,Keserwan,3,0,2,0,0
"Machghara",Beqaa,Western Beqaa,6,0,3,5,0
"Machha",Akkar,,3,0,5,0,0
"Machmoucheh",South,,3,0,0,1,0
"Machta Hammoud",Akkar,,3,0,5,0,0
"Machta Hassan",Akkar,,3,0,4,0,0
"Maghdoucheh",South,Sidon,6,0,2,3,0
"Magher wbala",North,Bsharri,3,0,2,0,0
"Mahrouna",South,Tyre,3,0,2,0,0
"Majdala",Akkar,,0,0,0,0,0
"Majdaloun",Baalbek-Hermel,,0,0,0,0,0
"Majdalouna",Mount Lebanon,,0,0,0,0,0
"Majdel",South,Tyre,6,0,11,3,0
"Majdel Aanjar",Beqaa,Zahle,3,0,0,5,0
"Majdel Baana",Mount Lebanon,Aley,6,0,3,3,0
"Majdel Balhis",Beqaa,,0,0,0,0,0
"Majdel El-Aqoura",Mount Lebanon,Byblos,3,2,0,0,0
"Majdel El-Meouch",Mount Lebanon,,0,0,0,0,0
"Majdel Selm",Nabatieh,Marjeyoun,9,1,5,2,0
"Majdel el-Koura",North,,0,0,0,0,0
"Majdel tarchich",Mount Lebanon,Matn,0,0,0,0,0
"Majdelyoun",South,Sidon,3,0,0,1,0
"Majdelzoun",South,Tyre,3,0,7,0,0
"Maknounet Jezzine",South,,3,0,1,0,0
"Makseh",Beqaa,Zahle,9,1,4,7,0
"Malkiyah Village",South,Tyre,3,0,2,0,0
"Mansoura",Beqaa,Western Beqaa,3,0,2,0,0
"Mansoura",Akkar,,4,0,1,0,1
"Mansouri",South,Tyre,0,0,0,0,0
"Mansouriyet Bhamdoun",Mount Lebanon,Aley,3,0,1,0,0
"Maqneh",Baalbek-Hermel,,6,0,2,2,0
"Mar Boutros Karm Et-Tine",Mount Lebanon,Matn,3,0,1,0,0
"Mar Chaaya",Mount Lebanon,Matn,9,3,2,5,0
"Mar Mama",North,Batroun,0,0,0,0,0
"Mar Moussa Ed-Douar",Mount Lebanon,Matn,3,0,0,0,0
"Marj Barja",Mount Lebanon,,0,0,0,0,0
"Marj Ez-Zouhour (Haouch El-Qinnaabeh)",Nabatieh,Hasbaya,3,0,2,0,0
"Marjaba",Mount Lebanon,Matn,0,0,0,0,0
"Markaba",Nabatieh,Marjeyoun,0,0,0,0,0
"Maroun Er-Ras",Nabatieh,Bint Jbeil,0,0,0,0,0
"Massa",Beqaa,Zahle,0,0,0,0,0
"Massaaoudiyeh",Akkar,,3,0,4,0,0
"Mayasseh",Mount Lebanon,Matn,0,0,0,0,0
"Maydoun",Beqaa,Western Beqaa,0,0,0,0,0
"Mayfadoun",Nabatieh,,3,0,0,1,0
"Mayfouq",Mount Lebanon,Byblos,0,0,0,0,0
"Mayrouba",Mount Lebanon,Keserwan,6,0,1,10,0
"Mazareaa Jabal Akroum",Akkar,,6,0,10,2,0
"Mazraat Assaf",North,Bsharri,0,0,0,0,0
"Mazraat Balda",Akkar,,3,0,6,0,0
"Mazraat Bani Saab",North,Bsharri,3,0,0,1,0
"Mazraat Bani Sakher",Akkar,,1,0,0,0,3
"Mazraat Beit Ghattas",Akkar,,3,0,0,2,0
"Mazraat Ech-Chouf",Mount Lebanon,,0,0,0,0,0
"Mazraat El-Hdaira",Mount Lebanon,Matn,4,0,0,4,3
"Mazraat El-Mathane",South,,0,0,0,0,0
"Mazraat Es-Dahr",Mount Lebanon,,6,0,1,2,0
"Mazraat Et-Teffah",North,Zgharta,4,0,1,0,1
"Mazraat Ez-Zalloutiyeh",South,Tyre,3,0,4,0,0
"Mazraat Harkish",North,Zgharta,0,0,0,0,0
"Mazraat Hokka",North,Zgharta,6,0,1,1,0
"Mazraat Mechref",South,Tyre,0,0,0,0,0
"Mazraat Nahr Zgharta",North,Zgharta,4,0,1,0,1
"Mazraat Swaidan",Baalbek-Hermel,,0,0,0,0,0
"Mazraat Yachouaa",Mount Lebanon,Matn,6,1,1,0,0
"Mazraat beit Mchaik",Baalbek-Hermel,,0,0,0,0,0
"Mchaneh",Mount Lebanon,Byblos,0,0,0,0,0
"Mcherfeh",Mount Lebanon,Aley,0,0,0,0,0
"Mchikha",Mount Lebanon,Matn,0,0,0,0,0
"Mdoukha",Beqaa,,0,0,0,0,0
"Mechref",Mount Lebanon,,0,0,0,0,0
"Mehmarch",North,Batroun,0,0,0,0,0
"Meimes",Nabatieh,Hasbaya,0,0,0,0,0
"Meiss Ej-Jabal",Nabatieh,Marjeyoun,3,0,0,8,0
"Mejdlaiya",Mount Lebanon,Aley,0,0,0,0,0
"Mejdlaiya Zgharta",North,Zgharta,3,0,10,0,0
"Menneaa",Akkar,,0,0,0,0,0
"Meri",Nabatieh,Hasbaya,9,1,2,10,0
"Merkebta",North,Miniyeh-Danniyeh,6,0,6,2,0
"Merouahine",South,Tyre,0,0,0,0,0
"Merouaniyeh",South,Sidon,9,1,6,3,0
"Metrit",North,,0,0,0,0,0
"Mghairiyeh Ech-Chouf",Mount Lebanon,,6,0,3,1,0
"Mghayreh Jbeil",Mount Lebanon,Byblos,0,0,0,0,0
"Mhaibib",Nabatieh,Marjeyoun,0,0,0,0,0
"Mhaiydseh Rachaya",Beqaa,,3,0,2,0,0
"Mhammaret",Akkar,,3,0,0,3,0
"Mharbiyeh",South,,3,0,0,1,0
"Michmich Jbeil",Mount Lebanon,Byblos,6,0,8,1,0
"Midane Jezzine",South,,0,0,0,0,0
"Mina",North,Tripoli,10,1,100,50,3
"Minie",North,Miniyeh-Danniyeh,9,1,20,20,0
"Minyara",Akkar,,7,0,5,5,1
"Miriata",North,Zgharta,6,0,7,0,0
"Miyeh ou Miyeh",South,Sidon,3,0,2,0,0
"Miziara",North,Zgharta,9,1,4,4,0
"Mjaydel Jezzine",South,,7,0,2,1,1
"Mlikh",South,,0,0,0,0,0
"Mohtaqra",Mount Lebanon,,0,0,0,0,0
"Moqaylbeh",Akkar,,3,0,4,0,0
"Moqraq",Baalbek-Hermel,,3,0,0,3,0
"Moshrea",Mount Lebanon,Matn,0,0,0,0,0
"Motel",North,Miniyeh-Danniyeh,3,0,3,0,0
"Mouanse",Akkar,,3,0,3,0,0
"Moukhtara",Mount Lebanon,,6,0,1,2,0
"Mounjez",Akkar,,4,0,3,0,5
"Mounsef",Mount Lebanon,Byblos,0,0,0,0,0
"Mqaiteaa",Akkar,,4,0,0,2,1
"Mrah El-Hbasse",South,,3,0,0,1,0
"Mrah Es-Sfire",North,Miniyeh-Danniyeh,0,0,0,0,0
"Mrah Es-Srayj",North,Miniyeh-Danniyeh,6,0,4,2,0
"Mrah Ez Ziyat",North,Batroun,4,0,0,1,6
"Mrah Kwakh",Akkar,,0,0,0,0,0
"Mraijat",Mount Lebanon,Aley,0,0,0,0,0
"Mrayjat Zahleh",Beqaa,Zahle,3,0,0,2,0
"Mristi",Mount Lebanon,,1,0,0,0,0
"Mrouj",Mount Lebanon,Matn,10,1,2,8,2
"Mtayleb",Mount Lebanon,Matn,3,0,0,10,0
"Mtolleh",Mount Lebanon,,0,0,0,0,0
"Mzraat Kefraya",North,Zgharta,0,0,0,0,0
"Nabatiyeh",Nabatieh,,6,0,50,50,0
"Nabatiyeh El-Faouka",Nabatieh,,6,0,8,10,0
"Nabay",Mount Lebanon,Matn,0,0,0,0,0
"Nabha Ed-Damdoum",Baalbek-Hermel,,3,0,0,1,0
"Nabha Mehfara",Baalbek-Hermel,,10,4,15,15,20
"Nabha Qoudam",Baalbek-Hermel,,0,0,0,0,0
"Nabi Ayla",Beqaa,Zahle,0,0,0,0,0
"Nabi Chit",Baalbek-Hermel,,6,0,8,11,0
"Nabi Osmane",Baalbek-Hermel,,9,1,3,2,0
"Nahleh Baalbek",Baalbek-Hermel,,3,0,2,0,0
"Nahmeh",Mount Lebanon,,0,0,0,0,0
"Nahr Ibrahim",Mount Lebanon,Byblos,3,0,3,0,0
"Najjariyeh",South,Sidon,3,0,3,0,0
"Nakhleh",North,,3,0,0,1,0
"Naoura El-Faouqa",Akkar,,0,0,0,0,0
"Nasriyet Zahleh",Beqaa,Zahle,1,0,0,0,5
"Nfisseh",Akkar,,0,0,0,0,0
"Niha El-Chouf",Mount Lebanon,,4,0,4,0,2
"Niha Zahleh",Beqaa,Zahle,0,0,0,0,0
"Nimrine",North,Miniyeh-Danniyeh,6,0,1,3,0
"Nmairiyeh",Nabatieh,,3,0,0,2,0
"Ouada",Akkar,,0,0,0,0,0
"Ouadi Baanqoudaine",South,,0,0,0,0,0
"Ouadi Banhlay",Mount Lebanon,,3,0,0,1,0
"Ouadi Chahine",Mount Lebanon,Matn,0,0,0,0,0
"Ouadi Chahrour El Aaoulia",Mount Lebanon,Baabda,0,0,0,0,0
"Ouadi Chahrour Es-Soufla",Mount Lebanon,Baabda,3,0,2,0,0
"Ouadi Ed-Deir",Mount Lebanon,,6,0,1,1,0
"Ouadi El-Haour",Akkar,,0,0,0,0,0
"Ouadi El-Karm El-Matn",Mount Lebanon,Matn,0,0,0,0,0
"Ouadi El-Laymoun",South,,3,0,2,0,0
"Ouadi Es-Sitt",Mount Lebanon,,0,0,0,0,0
"Ouadi Faara",Baalbek-Hermel,Hermel,0,0,0,0,0
"Ouadi Khaled",Akkar,,7,0,5,7,4
"Ouadi Nakhleh",North,Tripoli,4,0,5,0,2
"Ouadi Qannoubine",North,Bsharri,4,0,0,1,10
"Ouardaniyeh",Mount Lebanon,,7,0,2,2,1
"Ouarhaniyeh",Mount Lebanon,,0,0,0,0,0
"Ouata El-Jaouz",Mount Lebanon,Keserwan,0,0,0,0,0
"Qaa Baalbek",Baalbek-Hermel,,7,0,4,6,7
"Qaa Er-Rim",Beqaa,Zahle,6,1,0,5,0
"Qaaqaaiyet Ej-Jisr",Nabatieh,,6,0,10,4,0
"Qaaqaiyet Es-Snaoubar",South,Sidon,0,0,0,0,0
"Qaaqour",Mount Lebanon,Matn,0,0,0,0,0
"Qabaait",Akkar,,6,0,3,5,0
"Qabb Elias",Beqaa,Zahle,10,1,6,12,7
"Qabrikha",Nabatieh,Marjeyoun,0,0,0,0,0
"Qachlaq",Akkar,,3,0,2,0,0
"Qahmez",Mount Lebanon,Byblos,6,0,2,5,0
"Qalaa",Mount Lebanon,Baabda,0,0,0,0,0
"Qalamoun",North,Tripoli,9,1,8,5,0
"Qalaouiyeh",Nabatieh,Bint Jbeil,0,0,0,0,0
"Qalhat",North,,3,0,0,1,0
"Qannebet Salima",Mount Lebanon,Matn,0,0,0,0,0
"Qantara",Nabatieh,Marjeyoun,0,0,0,0,0
"Qantarat Aakkar",Akkar,,0,0,0,0,0
"Qanya",Akkar,,6,0,6,1,0
"Qaouzah",Nabatieh,Bint Jbeil,1,0,0,0,3
"Qaraaoun",Beqaa,Western Beqaa,9,0,2,3,0
"Qarah Bach",North,Zgharta,0,0,0,0,0
"Qardaf",Akkar,,0,0,0,0,0
"Qarha",Akkar,,0,0,0,0,0
"Qarha Baalbek",Baalbek-Hermel,,0,0,0,0,0
"Qarhaiya",North,Miniyeh-Danniyeh,3,0,0,1,0
"Qarsaita",North,Miniyeh-Danniyeh,3,0,1,0,0
"Qartaba",Mount Lebanon,Byblos,9,2,2,2,0
"Qaser",Baalbek-Hermel,Hermel,6,0,3,3,0
"Qatrani",South,,3,0,2,0,0
"Qattineh-Miniyeh",North,Miniyeh-Danniyeh,3,0,0,1,0
"Qaynour",North,Bsharri,0,0,0,0,0
"Qaytouleh",South,,0,0,0,0,0
"Qbaiyat Aakkar",Akkar,,7,0,15,3,60
"Qelaya",Beqaa,Western Beqaa,6,0,2,4,0
"Qennabet Broummana",Mount Lebanon,Matn,0,0,0,0,0
"Qennarit",South,Sidon,6,0,2,2,0
"Qild Es Sabea",Baalbek-Hermel,,0,0,0,0,0
"Qlaiaa",Nabatieh,Marjeyoun,3,0,0,5,0
"Qlaileh Harfoush",Baalbek-Hermel,,0,0,0,0,0
"Qlaileh Sour",South,Tyre,10,1,10,10,1
"Qleiaat Aakkar",Akkar,,0,0,0,0,0
"Qleiaat Kesrouane",Mount Lebanon,Keserwan,6,0,3,14,0
"Qloud El-Baqieh",Akkar,,0,0,0,0,0
"Qmatiyeh",Mount Lebanon,Aley,6,0,1,1,0
"Qnat",North,Bsharri,1,0,0,0,1
"Qobbayaa",Mount Lebanon,Baabda,3,0,0,2,0
"Qornayel",Mount Lebanon,Baabda,6,0,3,1,0
"Qornet Aakkar",Akkar,,3,0,6,0,0
"Qornet El-Hamra",Mount Lebanon,Matn,0,0,0,0,0
"Qortada",Mount Lebanon,Baabda,3,0,2,0,0
"Qoubber Chamra",Akkar,,0,0,0,0,0
"Qounaitra",South,Sidon,0,0,0,0,0
"Qoussaya",Beqaa,Zahle,3,0,0,1,0
"Qraine",North,Miniyeh-Danniyeh,0,0,0,0,0
"Qraiyat",Akkar,,0,0,0,0,0
"Qraiyeh",Mount Lebanon,Baabda,9,1,1,1,0
"Qraiyet Jlayse",Mount Lebanon,Byblos,9,1,1,2,0
"Qraiyet Saida",South,Sidon,7,0,0,0,0
"Qsaibet En-Nabatiyeh",Nabatieh,,0,0,0,0,0
"Qsarnaba",Baalbek-Hermel,,6,0,1,1,0
"Raachine",Mount Lebanon,Keserwan,3,0,0,1,0
"Raait",Beqaa,Zahle,0,0,0,0,0
"Rabb Et-Tlatine",Nabatieh,Marjeyoun,0,0,0,0,0
"Rabieh",Mount Lebanon,Matn,6,1,0,1,0
"Rachaaine",North,Zgharta,7,0,3,6,2
"Rachaf",Nabatieh,Bint Jbeil,0,0,0,0,0
"Rachaiya El-Foukhar",Nabatieh,Hasbaya,4,0,1,0,1
"Rachaya El Wadi",Beqaa,,10,1,7,15,1
"Rafid Rachaya",Beqaa,,3,0,0,0,0
"Rahbeh",Akkar,,6,0,10,2,0
"Ram",Baalbek-Hermel,,0,0,0,0,0
"Ramlieh",Mount Lebanon,Aley,0,0,0,0,0
"Ramyet Bent Jbeil",Nabatieh,Bint Jbeil,1,0,0,0,2
"Ras Baalbek Ech-Charqi",Baalbek-Hermel,,9,3,1,2,0
"Ras El Matn",Mount Lebanon,Baabda,0,0,0,0,0
"Ras El-Href",Mount Lebanon,Baabda,3,0,2,0,0
"Ras Kifa",North,Zgharta,0,0,0,0,0
"Ras Masqa",North,,9,5,10,30,0
"Rasha",North,Batroun,0,0,0,0,0
"Rashana",North,Batroun,4,0,0,1,3
"Rawda Bekaa",Beqaa,Western Beqaa,0,0,0,0,0
"Rawda Village",North,Miniyeh-Danniyeh,1,0,0,0,4
"Rayfoun",Mount Lebanon,Keserwan,9,3,20,20,0
"Rechdibbine",North,,3,0,0,1,0
"Richmaiya",Mount Lebanon,Aley,3,0,0,7,0
"Rihan Jezzine",South,,10,2,3,5,2
"Rihana",Mount Lebanon,Byblos,3,1,0,0,0
"Rihaniyet Aakkar",Akkar,,3,0,0,1,0
"Rihaniyet Minie",North,Miniyeh-Danniyeh,6,0,3,7,0
"Rijmeh",Mount Lebanon,Aley,0,0,0,0,0
"Rimat",South,,4,0,0,2,5
"Rimhala",Mount Lebanon,Aley,1,0,0,0,0
"Rmadiyeh",South,Tyre,3,0,4,0,0
"Rmaich",Nabatieh,Bint Jbeil,0,0,0,0,0
"Rmeilet Ech-Chouf",Mount Lebanon,,6,2,0,5,0
"Rouayssrt El-Ballout",Mount Lebanon,Baabda,1,0,0,0,1
"Roum",South,,6,0,4,2,0
"Roumieh",Mount Lebanon,Matn,3,0,0,2,0
"Roumine",Nabatieh,,6,0,3,3,0
"Saadine",Akkar,,0,0,0,0,0
"Saadnayel",Beqaa,Zahle,3,0,6,0,0
"Saaideh",Baalbek-Hermel,,0,0,0,0,0
"Sabbah",South,,0,0,0,0,0
"Sadiqine",South,Tyre,6,0,10,4,0
"Safad Al-Battikh",Nabatieh,Bint Jbeil,0,0,0,0,0
"Safra Kesrouane",Mount Lebanon,Keserwan,6,4,0,4,0
"Saghbine",Beqaa,Western Beqaa,9,2,2,4,0
"Sahle",Akkar,,0,0,0,0,0
"Saida",South,Sidon,9,2,15,30,0
"Saksakiyeh",South,Sidon,6,0,5,3,0
"Salhiyet Saida",South,Sidon,7,0,4,10,1
"Salima Baabda",Mount Lebanon,Baabda,6,0,2,2,0
"Sammaqiyeh",Akkar,,0,0,0,0,0
"Sanaya",South,,0,0,0,0,0
"Saouanet Marjayoun",Nabatieh,Marjeyoun,3,0,2,0,0
"Saoufar",Mount Lebanon,Aley,0,0,0,0,0
"Sarafand",South,Sidon,0,0,0,0,0
"Sarba En-Nabatieh",Nabatieh,,6,0,1,1,0
"Sariita",Mount Lebanon,Byblos,0,0,0,0,0
"Sarin Fawqa",Baalbek-Hermel,,6,0,10,5,0
"Sayssouq",Akkar,,0,0,0,0,0
"Sebaal Zgharta",North,Zgharta,1,0,0,0,4
"Sehjoud",Baalbek-Hermel,Hermel,0,0,0,0,0
"Selaa",South,Tyre,0,0,0,0,0
"Selaata",North,Batroun,0,0,0,0,0
"Selfaya",Mount Lebanon,Aley,6,0,1,1,0
"Semqaniyeh",Mount Lebanon,,0,0,0,0,0
"Seraal",North,Zgharta,4,1,0,0,2
"Serraaine Et-Tahta",Baalbek-Hermel,,0,0,0,0,0
"Sfaray",South,,9,1,1,1,0
"Sfaynet El-Qaitaa",Akkar,,0,0,0,0,0
"Sfinet Ed-Draib",Akkar,,3,0,0,1,0
"Sfireh",North,Miniyeh-Danniyeh,3,0,7,0,0
"Shawagheer El-Faouqa",Baalbek-Hermel,Hermel,9,5,15,34,0
"Shayleh Kesrouane",Mount Lebanon,Keserwan,0,0,0,0,0
"Sibline",Mount Lebanon,,6,0,3,3,0
"Sindianet Zeidane",Akkar,,6,0,16,8,0
"Sini",Nabatieh,,0,0,0,0,0
"Sinn El-Fil",Mount Lebanon,Matn,9,3,25,25,0
"Sir Ed-Danniyeh",North,Miniyeh-Danniyeh,0,0,0,0,0
"Sir El-Gharbiyeh",Nabatieh,,6,0,3,2,0
"Sirhmoul",Mount Lebanon,Aley,1,0,0,0,2
"Sirjbal",Mount Lebanon,,0,0,0,0,0
"Sohmor",Beqaa,Western Beqaa,10,1,3,7,10
"Soltan Yacoub el Aradi",Beqaa,Western Beqaa,3,0,0,1,0
"Souairi",Beqaa,Western Beqaa,0,0,0,0,0
"Souaisset Aakkar",Akkar,,6,0,2,1,0
"Soufaileh",Mount Lebanon,Matn,0,0,0,0,0
"Soultaniyet Bent Jbeil",Nabatieh,Bint Jbeil,6,0,1,2,0
"Souq El-Gharb",Mount Lebanon,Aley,0,0,0,0,0
"Sour",South,Tyre,10,0,0,0,0
"Srar",Akkar,,0,0,0,0,0
"Srayri",South,,0,0,0,0,0
"Srifa",South,Tyre,3,0,0,4,0
"Srobbine",Nabatieh,Bint Jbeil,0,0,0,0,0
"Taaid",South,,0,0,0,0,0
"Taalbaya",Beqaa,Zahle,3,0,0,4,0
"Taazaniyeh",Mount Lebanon,Aley,0,0,0,0,0
"Tabarja",Mount Lebanon,Keserwan,0,0,0,0,0
"Tahouitat El Ghadir",Mount Lebanon,Baabda,0,0,0,0,0
"Taibet Baalbek",Baalbek-Hermel,,3,0,2,0,0
"Tal Aabbas",Akkar,,0,0,0,0,0
"Talia",Baalbek-Hermel,,0,0,0,0,0
"Tall Aabbas Ech-Charqi",Akkar,,6,0,2,3,0
"Tall Bireh",Akkar,,0,0,0,0,0
"Tall Hmayra",Akkar,,0,0,0,0,0
"Tall Meaayan Tall Kiri",Akkar,,4,0,4,0,6
"Tall Znoub",Beqaa,Western Beqaa,0,0,0,0,0
"Tallet Chattaha",Akkar,,0,0,0,0,0
"Talloussa",Nabatieh,Marjeyoun,0,0,0,0,0
"Tanbourit",South,Sidon,6,1,0,3,0
"Tannoura",Beqaa,,3,0,0,3,0
"Tannourine El-Faouqa",North,Batroun,7,2,0,30,5
"Taraiya",Baalbek-Hermel,,3,0,2,0,0
"Tarchich",Mount Lebanon,Baabda,7,0,2,2,1
"Tartij",Mount Lebanon,Byblos,6,0,1,1,0
"Tawfiqiya",Baalbek-Hermel,,3,0,0,2,0
"Taybet Matjaayoun",Nabatieh,Marjeyoun,0,0,0,0,0
"Tayr Debbeh",South,Tyre,7,0,20,1,30
"Tayr Falsay",South,Tyre,3,0,3,0,0
"Tayr Harfa",South,Tyre,0,0,0,0,0
"Teffahta",South,Sidon,6,0,4,1,0
"Temnine El-Faouqa",Baalbek-Hermel,,3,0,0,3,0
"Temnine Et-Tahta",Baalbek-Hermel,,6,1,0,3,0
"Terbol Zahleh",Beqaa,Zahle,6,0,1,2,0
"Thoum",North,Batroun,7,1,0,5,2
"Tibnine",Nabatieh,Bint Jbeil,3,0,0,3,0
"Tikrit",Akkar,,6,0,12,4,0
"Tiri",Nabatieh,Bint Jbeil,0,0,0,0,0
"Tleil",Akkar,,6,0,2,2,0
"Torbol Menie",North,Miniyeh-Danniyeh,6,0,1,5,0
"Toula",North,Zgharta,4,0,2,0,1
"Toula El-Batroun",North,Batroun,0,0,0,0,0
"Touline",Nabatieh,Marjeyoun,9,1,1,1,0
"Toura",South,Tyre,3,0,5,0,0
"Trablous",North,Tripoli,6,0,0,0,0
"Tshea",Akkar,,0,0,0,0,0
"Vidar",Mount Lebanon,Byblos,10,1,3,2,1
"Wadi Jezzine",South,,0,0,0,0,0
"Yammouneh",Baalbek-Hermel,,10,1,5,10,5
"Yanouh Sour",South,Tyre,3,0,1,0,0
"Yanta",Beqaa,,6,0,2,1,0
"Yaroun",Nabatieh,Bint Jbeil,3,0,1,0,0
"Yater",Nabatieh,Bint Jbeil,6,0,3,2,0
"Yohmor En-Nabatiyeh",Nabatieh,,6,0,4,1,0
"Yohmor West Bekaa",Beqaa,Western Beqaa,6,0,3,5,0
"Younine",Baalbek-Hermel,,0,0,0,0,0
"Zaaitreh",Mount Lebanon,Keserwan,0,0,0,0,0
"Zaarouriyeh",Mount Lebanon,,0,0,0,0,0
"Zabboud",Baalbek-Hermel,,0,0,0,0,0
"Zabbougha",Mount Lebanon,Matn,0,0,0,0,0
"Zaghartaghrine",North,Miniyeh-Danniyeh,0,0,0,0,0
"Zahleh El-Maallaqa",Beqaa,Zahle,10,5,20,80,3
"Zahra",Baalbek-Hermel,,0,0,0,0,0
"Zaitoun",Mount Lebanon,Keserwan,3,0,1,0,0
"Zakrit",Mount Lebanon,Matn,3,0,0,1,0
"Zakroun",North,,0,0,0,0,0
"Zalqa",Mount Lebanon,Matn,9,2,5,5,0
"Zandouqa",Mount Lebanon,Baabda,3,0,0,1,0
"Zaneh",North,Batroun,0,0,0,0,0
"Zaoutar Ech-Charqiyeh",Nabatieh,,3,0,1,0,0
"Zaoutar El-Gharbiyeh",Nabatieh,,0,0,0,0,0
"Zaraaoun",Mount Lebanon,Matn,0,0,0,0,0
"Zebdine",Mount Lebanon,Byblos,3,0,1,0,0
"Zebqine",South,Tyre,0,0,0,0,0
"Zefta",Nabatieh,,7,1,0,10,1
"Zeita",South,Sidon,0,0,0,0,0
"Zgharta-Ehden",North,Zgharta,10,17,16,71,1
"Zhilta",South,,0,0,0,0,0
"Zibdine En-Nabatiyeh",Nabatieh,,3,0,0,2,0
"Zighrine",Mount Lebanon,Matn,0,0,0,0,0
"Zilaya",Beqaa,Western Beqaa,0,0,0,0,0
"Zouarib",Akkar,,3,0,2,0,0
"Zouk El-Kharab",Mount Lebanon,Matn,9,5,20,100,0
"Zouk Mkayel",Mount Lebanon,Keserwan,6,2,0,5,0
"Zouk Mousbeh",Mount Lebanon,Keserwan,6,3,0,10,0
"Zouq El Hosniyeh",Akkar,,3,0,3,0,0
"Zouq El-Hadara",Akkar,,0,0,0,0,0
"Zouq El-Hbalsa",Akkar,,0,0,0,0,0
"Zrariyeh",South,Sidon,6,0,10,5,0
"Zrazeer",Baalbek-Hermel,,0,0,0,0,0
"aain Aalaq",Mount Lebanon,Matn,3,0,0,1,0
"berqayel",Akkar,,6,0,10,4,0
"ebra wChouane",Mount Lebanon,Keserwan,4,0,2,0,2
"hadtoun",North,Batroun,3,0,0,2,0
"jouar Hasheesh",Baalbek-Hermel,Hermel,0,0,0,0,0
"mazboud",Mount Lebanon,,7,0,1,3,2
"shebaneye",Mount Lebanon,Baabda,9,1,3,2,0
"tarane",North,Miniyeh-Danniyeh,6,0,8,4,0
"yahchouch",Mount Lebanon,Keserwan,0,0,0,0,0
